Id,Name,Email,Address
1,"Aron Gusikowski",concepcion.dach@example.org,"5753 Torp Way Suite 110
Purdyberg, GA 08477-1250"
2,"Paige Brakus",lela.thiel@example.com,"47498 Helen Wall Apt. 784
Jeanieberg, OK 54068"
3,"Ms. Earnestine Feest",okeefe.pattie@example.com,"2312 Schneider Fall
Madilynhaven, NH 83904"
4,"Keyshawn Will",becker.rachel@example.com,"68524 Kuhlman Fort Apt. 347
New Santinoport, MN 71549-9753"
5,"Nola Rempel I",melyna85@example.net,"264 Beatrice Center Suite 644
South Melissaton, ID 28535"
6,"Cathrine Volkman",denesik.princess@example.com,"957 Kovacek Views Suite 386
Dustyshire, VT 36160"
7,"Dr. Sean Quitzon IV",kaden73@example.net,"56033 George Isle Apt. 764
Beahanburgh, LA 76209-6323"
8,"Clyde Goodwin DVM",johnathan50@example.com,"848 Windler Oval
North Vincenzoburgh, NE 12740-0849"
9,"Rosella Gerlach IV",ricky21@example.net,"218 Littel Islands Apt. 584
Lake Modestoberg, OH 87551"
10,"Ms. Thalia O'Kon",alford92@example.com,"117 Tyrique Flat
Lake Tessiefort, TX 84664"
11,"Carrie Kertzmann MD",seth54@example.net,"100 Isai Crossing
Schultzville, NC 96194"
12,"Meagan Cremin",lizzie.hansen@example.net,"324 Vaughn Haven Apt. 563
McCulloughburgh, NV 78421-3086"
13,"Osbaldo Gorczany",idamore@example.com,"362 Reynolds Stream
Lake Andreton, WV 70675-2370"
14,"Mr. Manuel Harber",hershel.schimmel@example.org,"8375 Chet Viaduct
Vadatown, NJ 87373"
15,"Mrs. Ines Little",asa15@example.com,"153 Vivianne Forges Apt. 874
East Cristobal, MI 75982-8406"
16,"Adella Berge",pat.ryan@example.net,"15069 Rhea Extensions
Port Harmon, MO 11611"
17,"Lonnie Batz",wwaelchi@example.net,"1157 Ryleigh Locks Suite 708
Marchaven, ND 78713"
18,"Meta Zieme",elenora.schuster@example.org,"143 Parker Mews
Lake Rethabury, VA 94437-7581"
19,"Elroy Schmidt",cole02@example.net,"45802 McCullough Well Apt. 387
East Fredericborough, TX 78798-5194"
20,"Vaughn Gleason",sydni.glover@example.org,"6814 Emelia Park Apt. 342
East Roxanestad, KS 07688"
21,"Lon Batz PhD",mcdermott.enoch@example.org,"888 Mabel Mission
North Roselyn, NM 18851-7532"
22,"Prof. Sierra Kunde",jenkins.kole@example.net,"4556 Harvey Ramp Apt. 308
Lake Maeburgh, WI 26997-3293"
23,"May Hoeger",emerald.koss@example.net,"782 Anderson Rest
West Aiden, IN 72806-5524"
24,"Mr. Joshuah O'Connell",schiller.clyde@example.net,"99017 Pfeffer Lodge
West Cathrineland, WI 83247-0425"
25,"Keshawn Dickinson",winifred.borer@example.org,"47425 Kohler Summit Suite 094
New Odessa, MT 31774-2818"
26,"Kendra Kuhic",jaylon75@example.org,"1188 Lora Fields
Grahammouth, MI 80324-3016"
27,"Nona Runolfsdottir",kameron49@example.com,"522 Estell Trace
Goldentown, MN 34384"
28,"Prof. Mazie Runolfsson MD",fritsch.mavis@example.org,"47700 Gerhold Rapids
Patsyport, MN 12941"
29,"Prof. Santos Pacocha",qlesch@example.net,"882 Kelli Lights Suite 546
Walterborough, MA 84149-5449"
30,"Wilfredo Borer",vicenta24@example.net,"586 Antonio Lights Suite 242
Cristobalburgh, MT 35589"
31,"Caroline White",deon91@example.net,"70923 Rau Place
Myrnamouth, TX 80876"
32,"Avery Mertz",rodolfo.pouros@example.net,"1041 Ullrich Mission
North Queen, MO 40266"
33,"Arden Douglas",lauer@example.com,"58318 Hertha Avenue
New Emieburgh, OR 76642"
34,"Celestine Shanahan",sigmund72@example.org,"10606 Jasper Parkways Suite 735
Archibaldside, NC 84000-8608"
35,"Isabelle Walker",dsporer@example.com,"16405 Jane Tunnel
Issacport, CA 92414"
36,"Oswald Bayer",lindgren.milan@example.com,"55141 Cormier Rue Apt. 157
Courtneyview, RI 61726-8654"
37,"Miss Vicenta Rolfson V",reilly.ethelyn@example.com,"58811 Boehm Plaza Apt. 712
Manntown, ND 07731-5629"
38,"Jennings Hayes",armstrong.lula@example.net,"4329 Sipes Meadows Apt. 732
Port Pink, TN 55098"
39,"Mr. Ryleigh Hackett PhD",dicki.elias@example.com,"67622 Raina Place Apt. 804
Whiteland, ME 94775-1978"
40,"Margaretta Mante",zgleason@example.net,"51967 Logan Neck Apt. 170
Port Wandaland, SD 12124"
41,"Michael Grimes Sr.",jacynthe.harris@example.org,"844 Rachelle Ranch Suite 655
West Carli, IA 20845-3466"
42,"Prof. Easter Sauer",kiehn.patsy@example.net,"636 Ledner Course
South Antonia, VA 11821"
43,"Miss Mireille Sawayn",nschoen@example.com,"196 Gaylord Landing Suite 014
Ziemannfurt, LA 89689"
44,"Miss Enola Mraz",prosacco.flossie@example.net,"10930 Mohr Crescent Apt. 152
Coramouth, NC 72966-1343"
45,"Shannon Mayer",davis.bud@example.com,"48570 Dooley Hill
Nicolasmouth, NY 37646"
46,"Dariana Rice",zion78@example.org,"43537 Schmitt Course
Grimesberg, ID 28679-9044"
47,"Mr. Kristian Boyle III",isobel16@example.org,"30333 Becker Village
Feestport, GA 21006"
48,"Lambert Daniel",danny.borer@example.net,"2198 Laurie Plain Suite 578
North Isidroberg, MD 71530"
49,"Kendra Mohr",njones@example.com,"22561 Josefa Garden
Lake Eldridgeview, IA 43904-1709"
50,"River Ankunding",hartmann.gisselle@example.org,"9769 O'Hara Grove
Enosmouth, DC 44688"
51,"Hal Beatty",kory.reinger@example.org,"702 Jakubowski Passage
West Aliya, CO 78257-9888"
52,"Laila Yundt",aisha05@example.com,"3827 Amara Ferry
South Jaydatown, OH 01070"
53,"Mercedes Hegmann",brianne16@example.org,"64400 Toy Cape
Blockfort, DE 01470-3196"
54,"Charley Goyette",josie.mohr@example.org,"217 Gutkowski Ridges
New Paxtonfort, NC 28505-2677"
55,"Clair Crooks",heaney.orval@example.com,"8470 Justine Route Apt. 084
Port Dan, MN 97878-9827"
56,"Friedrich Thiel",clemmie62@example.org,"12622 Upton Manor
South Delbert, OK 07390-4046"
57,"Kevin Roob",enader@example.com,"6866 Jany Squares Apt. 839
East Reginald, KY 23789"
58,"Trace Grant",sarai18@example.com,"284 Winona Throughway
East Madelyn, ND 36350"
59,"Dr. Cooper Bartell Sr.",rogahn.marquis@example.com,"591 Howe Pass Apt. 391
Camyllefurt, AR 04442-9786"
60,"Dr. Lucy Jerde",nickolas.breitenberg@example.com,"36732 Lebsack Villages
Beahanbury, WY 12844-8152"
61,"Dr. Jammie Schuster V",marcos28@example.net,"6308 Gaylord Glens Apt. 173
Ewaldside, MA 53999-3316"
62,"Jessy Brekke",stan.larson@example.org,"764 Felix Crest Suite 720
Schroederbury, SD 73567-8116"
63,"Dr. Kobe Orn Jr.",smitham.lorine@example.com,"85200 Ervin Prairie Apt. 032
Heathcoteville, DE 92608"
64,"Tierra O'Keefe",adelbert.sanford@example.com,"72733 Wintheiser Stravenue
Normamouth, GA 31494"
65,"Miss Teagan McGlynn I",brandyn.heidenreich@example.org,"746 Skiles Mountain
Mannfort, MT 49182-9456"
66,"Toney Stamm",dylan.williamson@example.com,"380 Yvette Lodge Apt. 135
Kendraburgh, SD 68686"
67,"Hailey Johnson",krystina06@example.com,"509 Donnell Bridge
Johnsonborough, KS 05264"
68,"Albina Fahey",ebreitenberg@example.org,"74761 Faye Trail
Reynoldstown, MN 52647"
69,"Verda Crist",cturcotte@example.com,"226 Greenfelder Prairie Apt. 849
South Sydnimouth, NC 05089-6423"
70,"Dr. Rodger Friesen IV",gkuvalis@example.org,"2771 Weissnat Wells
North Phyllis, RI 37443-7336"
71,"Claudie O'Conner",jo54@example.com,"6620 Brown Bridge
North Ross, KS 93169-4193"
72,"Nona Gutkowski Jr.",shaniya00@example.com,"60869 Stiedemann Mall
West Courtney, NY 50821-0511"
73,"Adam Waters",samantha.denesik@example.com,"47604 Dina Shore Suite 286
West Faeton, AR 06490"
74,"Rocky Bayer",sward@example.com,"8180 Vincenza Canyon
West Liamtown, NC 65878-2482"
75,"Jaron Predovic I",schmeler.enola@example.net,"274 Aida Landing
South Enamouth, VA 07750"
76,"Mr. Moriah Larson",dayton19@example.org,"201 Mallie Forks Apt. 203
West Nelsonview, AL 84266"
77,"Jeffry Lebsack",zquigley@example.net,"70415 Mina Station
Kuhlmanmouth, IN 09805-1777"
78,"Mr. Raymundo Kiehn I",julian.dare@example.com,"266 Gonzalo Streets
North Garnetbury, OK 70418"
79,"Lizzie Lang",ardith95@example.org,"612 Watsica Square
South Genovevahaven, GA 91990"
80,"Dr. Opal Bauch IV",aemard@example.net,"8505 Lang View Apt. 929
West Brookeland, MI 89491"
81,"Caden Kessler",alexander.farrell@example.com,"96355 Elena Ridges
Port Ambrose, NH 02308"
82,"Katrina Dicki",abe85@example.com,"617 Trantow Expressway Apt. 307
Aubreyside, MO 28792"
83,"Jena Baumbach",esta.rutherford@example.com,"681 Beatty Alley
North Maymie, NE 00640-7738"
84,"Scotty Hoppe Jr.",kirstin85@example.org,"7870 Eve Ports
South Jazmyn, CO 07167"
85,"Shania Wiza",davin.schinner@example.net,"400 Abshire Roads Suite 600
Roxanneberg, MS 35929-8681"
86,"Janice Johnston",vtorphy@example.net,"9734 Nikolas Mall Apt. 789
Evalynhaven, VT 76308"
87,"Lyda Murazik",zwalker@example.com,"339 Izabella Views
North Christopher, CA 44259"
88,"Norbert Nolan",ypurdy@example.org,"763 Queenie Union
New Estella, MS 03685-8359"
89,"Magali Schultz",nicholaus.tremblay@example.org,"2638 Doyle Plains
East Marcoside, IL 66713"
90,"Kevon Tromp",helmer.vonrueden@example.net,"76679 Bednar Oval
Dollyberg, MI 72029-4998"
91,"Hector Parker",miller.violette@example.com,"2627 Marty Forest
West Joe, OH 74738-4271"
92,"Novella Koch V",zkuphal@example.net,"5679 Asa Springs Suite 411
Raustad, MS 61217-3801"
93,"Baylee Stiedemann",karine31@example.org,"70305 Enola Prairie
South Lizethland, LA 89709"
94,"Prof. Stephon Cummerata",reynold45@example.net,"9018 Volkman Glens Apt. 608
Gulgowskiview, IL 83378-6711"
95,"Ms. Rhoda Botsford DVM",olson.karianne@example.org,"358 Consuelo Trail
Port Timmothyview, SC 47259-9538"
96,"Lawson Morissette MD",ezekiel14@example.com,"29103 Weber Mountain Suite 127
New Saul, NY 04450-4747"
97,"Mr. Arnulfo Windler PhD",pschmidt@example.org,"78209 Alexandra Corners
Aliview, KY 41895-9050"
98,"Prof. Diamond Larson V",bcrona@example.org,"2502 Morar Extensions
Lake Jessfurt, ID 11323-0721"
99,"Mr. Murray Tromp Sr.",beatty.berry@example.org,"95404 Roberts Islands Suite 232
Boehmstad, MO 74801"
100,"Ivy Pouros",josiane.oconner@example.net,"4156 Beer Mill Apt. 878
West Miracleside, NJ 53822-0636"
